epoch,loss,epoch_seconds,global_step,learning_rate
1,1.0296291410923004,0.7530071157962084,4,0.0002
